,,,,,,
,"Instrucciones: (Revisar: """,,,,,
,"ara_effects_research_phone"")",,,,,
,"
Cuando el contacto pregunte por efectos, experiencias o potencia:
1. Mostrar el review con su calificaci√≥n ""Stars: ‚≠ê‚≠ê‚≠ê‚≠ê‚≠ê"", usando estrellas seg√∫n el n√∫mero indicado.
Ejemplo:
‚Ä¢ Stars=5 ‚Üí ‚Äú‚≠ê‚≠ê‚≠ê‚≠ê‚≠ê‚Äù
‚Ä¢ Stasr=4 ‚Üí ‚Äú‚≠ê‚≠ê‚≠ê‚≠ê‚Äù
‚Ä¢ y as√≠ sucesivamente.
2. Compartir solo la opini√≥n del cliente, sin agregar interpretaci√≥n ni promesas.
Ejemplo estructural:
""‚≠ê‚≠ê‚≠ê‚≠ê‚≠ê ‚ÄúExcelente producto, me gust√≥ el sabor y la experiencia.‚Äù""
(no exagerar ni repetir palabras como ‚Äúpotente‚Äù por temas regulatorios. Solo copiar tal cual lo escribi√≥ el cliente.)
3. A√±adir una frase legal/neutral para encuadrar la respuesta:
‚ÄúCada persona comparte experiencias distintas; por eso es √∫til leer varias opiniones.‚Äù
4. Ofrecer el acceso directo al producto:
‚ÄúAqu√≠ puedes ver m√°s comentarios y todos los detalles del producto en su p√°gina oficial.‚Äù
5. Incluir el link del producto (siempre).
‚∏ª
Suave, dulce y estrat√©gica:
",,,,,
,"‚ÄúTe comparto una opini√≥n real de otro cliente. Recuerda que cada persona lo describe diferente, as√≠ que ver varias experiencias te ayuda a elegir con m√°s claridad.‚Äù
",,,,,
,"Esta frase:
",,,,,
,	,,,,,
,"No promete efectos
",,,,,
,	,,,,,
,"No induce consumo
",,,,,
,	,,,,,
,"No clasifica sensaciones
",,,,,
,	,,,,,
,"Acompa√±a al cliente
",,,,,
,	,,,,,
,"Mantiene autoridad y confianza
",,,,,
,"‚∏ª‚Ä®
",,,,,
,Stars: ‚≠ê‚≠ê‚≠ê‚≠ê‚≠ê,Comment,ProductId,ProductURL,,
,5,Excelente producto 100% recomendable muy potente ü´°,8316673097900,https://extractoseum.com/products/cream-candy-candy-kush-hhc-hhco-cbd-full-thco-120mg-copia,,
,5,"Muy buen producto para pasar una tarde caminando o viendo pelis, lo recomiendo",8316673097900,https://extractoseum.com/products/cream-candy-candy-kush-hhc-hhco-cbd-full-thco-120mg-copia,,
,5,Buenos productos,8316673097900,https://extractoseum.com/products/cream-candy-candy-kush-hhc-hhco-cbd-full-thco-120mg-copia,,
,5,Me encanta la rapidez del pedido,8316673097900,https://extractoseum.com/products/cream-candy-candy-kush-hhc-hhco-cbd-full-thco-120mg-copia,,
,4,Lo recomiendo,8316673097900,https://extractoseum.com/products/cream-candy-candy-kush-hhc-hhco-cbd-full-thco-120mg-copia,,
,4,Muy buen trip con los productos,8316673097900,https://extractoseum.com/products/cream-candy-candy-kush-hhc-hhco-cbd-full-thco-120mg-copia,,
,4,null,8316673097900,https://extractoseum.com/products/cream-candy-candy-kush-hhc-hhco-cbd-full-thco-120mg-copia,,
,5,"Buen producto y r√°pida entrega, si lo recomendar√≠a",8316673097900,https://extractoseum.com/products/cream-candy-candy-kush-hhc-hhco-cbd-full-thco-120mg-copia,,
,5,Delicious taste,8316673097900,https://extractoseum.com/products/cream-candy-candy-kush-hhc-hhco-cbd-full-thco-120mg-copia,,
,5,null,8316673097900,https://extractoseum.com/products/cream-candy-candy-kush-hhc-hhco-cbd-full-thco-120mg-copia,,
,1,Producto poco recomendable,8316673097900,https://extractoseum.com/products/cream-candy-candy-kush-hhc-hhco-cbd-full-thco-120mg-copia,,
,4,"Gran producto, tarda en hacer efecto pero muy bueno en verdad",8316673097900,https://extractoseum.com/products/cream-candy-candy-kush-hhc-hhco-cbd-full-thco-120mg-copia,,
,5,Es muy excelente producto la verdad cumple con las expectativas 100 % recomendado üëåüèª,8316673097900,https://extractoseum.com/products/cream-candy-candy-kush-hhc-hhco-cbd-full-thco-120mg-copia,,
,5,Me aclaro la mente y me dieron un trip muy restrospectivo,8316673097900,https://extractoseum.com/products/cream-candy-candy-kush-hhc-hhco-cbd-full-thco-120mg-copia,,
,5,Yeah,8316673097900,https://extractoseum.com/products/cream-candy-candy-kush-hhc-hhco-cbd-full-thco-120mg-copia,,
,5,null,8316673097900,https://extractoseum.com/products/cream-candy-candy-kush-hhc-hhco-cbd-full-thco-120mg-copia,,
,5,Muy buenos la verdad calidad y precios,8316673097900,https://extractoseum.com/products/cream-candy-candy-kush-hhc-hhco-cbd-full-thco-120mg-copia,,
,5,Excelente producto,8316673097900,https://extractoseum.com/products/cream-candy-candy-kush-hhc-hhco-cbd-full-thco-120mg-copia,,
,1,No lo recomiendo 0%,8316673097900,https://extractoseum.com/products/cream-candy-candy-kush-hhc-hhco-cbd-full-thco-120mg-copia,,
,5,"Buena dosis, pero muy feo el sabor",8316673097900,https://extractoseum.com/products/cream-candy-candy-kush-hhc-hhco-cbd-full-thco-120mg-copia,,
,5,Exelente producto 1000 de 1000,8316673097900,https://extractoseum.com/products/cream-candy-candy-kush-hhc-hhco-cbd-full-thco-120mg-copia,,
,5,Claro ya le dije a mis amigos,8316673097900,https://extractoseum.com/products/cream-candy-candy-kush-hhc-hhco-cbd-full-thco-120mg-copia,,
,5,"Muy buen producto, recomendando 10/10",8316673097900,https://extractoseum.com/products/cream-candy-candy-kush-hhc-hhco-cbd-full-thco-120mg-copia,,
,5,"Excelente producto, era lo que esperaba",8316673097900,https://extractoseum.com/products/cream-candy-candy-kush-hhc-hhco-cbd-full-thco-120mg-copia,,
,2,mal producto no lo recomiendo,8316673097900,https://extractoseum.com/products/cream-candy-candy-kush-hhc-hhco-cbd-full-thco-120mg-copia,,
,5,Me gusto . Buen sabir y buen efecto,8316673097900,https://extractoseum.com/products/cream-candy-candy-kush-hhc-hhco-cbd-full-thco-120mg-copia,,
,5,"Muy buen producto,pontente y muy relajante,100% recomendado üëåüèæ",8316673097900,https://extractoseum.com/products/cream-candy-candy-kush-hhc-hhco-cbd-full-thco-120mg-copia,,
,5,"El producto lleg√≥ s√∫per r√°pido y es potente, cumple con lo que dice y es a un precio accesible",8316673097900,https://extractoseum.com/products/cream-candy-candy-kush-hhc-hhco-cbd-full-thco-120mg-copia,,
,5,"Muy buen producto, pega s√∫per bien y llega s√∫per r√°pido, buen tripppp",8316673097900,https://extractoseum.com/products/cream-candy-candy-kush-hhc-hhco-cbd-full-thco-120mg-copia,,
,5,"Muy bueno y bastante fuerte el efecto, pero controlado. Recomiendo!",8316673097900,https://extractoseum.com/products/cream-candy-candy-kush-hhc-hhco-cbd-full-thco-120mg-copia,,
,4,Muy buen producto! Llego antes de lo esperado.,8316673097900,https://extractoseum.com/products/cream-candy-candy-kush-hhc-hhco-cbd-full-thco-120mg-copia,,
,5,"Exelente producto, 100% lo recomiendo ‚ù£Ô∏è",8316673097900,https://extractoseum.com/products/cream-candy-candy-kush-hhc-hhco-cbd-full-thco-120mg-copia,,
,5,"Excelente producto, muy discreto",8316673097900,https://extractoseum.com/products/cream-candy-candy-kush-hhc-hhco-cbd-full-thco-120mg-copia,,
,5,"Muy buen producto, buen precio y buen viaje..",8316673097900,https://extractoseum.com/products/cream-candy-candy-kush-hhc-hhco-cbd-full-thco-120mg-copia,,
,4,"Buen producto, el efecto es el mencionado, aunque el sabor si est√° ""natural"" y que sea caramelo macizo no me gust√≥ a mi.",8316673097900,https://extractoseum.com/products/cream-candy-candy-kush-hhc-hhco-cbd-full-thco-120mg-copia,,
,5,"excelente producto, accesible y fue de entrega rapida",8316673097900,https://extractoseum.com/products/cream-candy-candy-kush-hhc-hhco-cbd-full-thco-120mg-copia,,
,5,"Muy buen sabor, y pega rico",8316673097900,https://extractoseum.com/products/cream-candy-candy-kush-hhc-hhco-cbd-full-thco-120mg-copia,,
,4,Es un buen producto muy relajante,8316673097900,https://extractoseum.com/products/cream-candy-candy-kush-hhc-hhco-cbd-full-thco-120mg-copia,,
,4,null,8316673097900,https://extractoseum.com/products/cream-candy-candy-kush-hhc-hhco-cbd-full-thco-120mg-copia,,
,5,Estos caramelos no decepcionan yo que consumo poco me dejan tirado varias horas,8316673097900,https://extractoseum.com/products/cream-candy-candy-kush-hhc-hhco-cbd-full-thco-120mg-copia,,
,5,"Los dulces est√°n incre√≠bles, 100% recomendado",8316673097900,https://extractoseum.com/products/cream-candy-candy-kush-hhc-hhco-cbd-full-thco-120mg-copia,,
,5,"Muy buen producto, 100% recomendado",8316673097900,https://extractoseum.com/products/cream-candy-candy-kush-hhc-hhco-cbd-full-thco-120mg-copia,,
,5,"Excelente producto, lo recomiendo 1000% me encanta",8316673097900,https://extractoseum.com/products/cream-candy-candy-kush-hhc-hhco-cbd-full-thco-120mg-copia,,
,5,"Gran producto, tiempos de env√≠os excelentes",8316673097900,https://extractoseum.com/products/cream-candy-candy-kush-hhc-hhco-cbd-full-thco-120mg-copia,,
,4,muy buen producto,8316673097900,https://extractoseum.com/products/cream-candy-candy-kush-hhc-hhco-cbd-full-thco-120mg-copia,,
,5,Excelente producto me encant√≥ mucho es 100% recomendable,8316673097900,https://extractoseum.com/products/cream-candy-candy-kush-hhc-hhco-cbd-full-thco-120mg-copia,,
,5,Buen producto,8316673097900,https://extractoseum.com/products/cream-candy-candy-kush-hhc-hhco-cbd-full-thco-120mg-copia,,
,5,nan,8316673097900,https://extractoseum.com/products/cream-candy-candy-kush-hhc-hhco-cbd-full-thco-120mg-copia,,
,5,Muy buen producto,8316673097900,https://extractoseum.com/products/cream-candy-candy-kush-hhc-hhco-cbd-full-thco-120mg-copia,,
,5,"Excelente producto, muy muy recomendado",8316673097900,https://extractoseum.com/products/cream-candy-candy-kush-hhc-hhco-cbd-full-thco-120mg-copia,,
,5,"Excelentes productos y excelente atenci√≥n al cliente, lo recomiendo ampliamente",8316673097900,https://extractoseum.com/products/cream-candy-candy-kush-hhc-hhco-cbd-full-thco-120mg-copia,,
,5,nan,8316673097900,https://extractoseum.com/products/cream-candy-candy-kush-hhc-hhco-cbd-full-thco-120mg-copia,,
,5,100% lo recomiendo es muy bueno y pone rico,8316673097900,https://extractoseum.com/products/cream-candy-candy-kush-hhc-hhco-cbd-full-thco-120mg-copia,,
,5,"Me gust√≥, potente f√°cil de usar",8316673097900,https://extractoseum.com/products/cream-candy-candy-kush-hhc-hhco-cbd-full-thco-120mg-copia,,
,5,Recomiendo el nice leaf,8316673097900,https://extractoseum.com/products/cream-candy-candy-kush-hhc-hhco-cbd-full-thco-120mg-copia,,
,5,Excelente,8316673097900,https://extractoseum.com/products/cream-candy-candy-kush-hhc-hhco-cbd-full-thco-120mg-copia,,
,5,"Mas discreto no se puede, aparte estan bien ricos y el concentrado es de excelente calidad",8316673097900,https://extractoseum.com/products/cream-candy-candy-kush-hhc-hhco-cbd-full-thco-120mg-copia,,
,5,Muy bueno pero para alguien que ya sabe del tema no pega tanto solo relaja,8316673097900,https://extractoseum.com/products/cream-candy-candy-kush-hhc-hhco-cbd-full-thco-120mg-copia,,
,5,ü§©ü§©ü§©,8316673097900,https://extractoseum.com/products/cream-candy-candy-kush-hhc-hhco-cbd-full-thco-120mg-copia,,
,5,Es un producto que sin dudas volver√≠a a comprar,8316673097900,https://extractoseum.com/products/cream-candy-candy-kush-hhc-hhco-cbd-full-thco-120mg-copia,,
,5,Exelente producto y bien empaquetado,8316673097900,https://extractoseum.com/products/cream-candy-candy-kush-hhc-hhco-cbd-full-thco-120mg-copia,,
,5,nan,8316673097900,https://extractoseum.com/products/cream-candy-candy-kush-hhc-hhco-cbd-full-thco-120mg-copia,,
,5,"Excelente producto, experiencia 10/10",8316673097900,https://extractoseum.com/products/cream-candy-candy-kush-hhc-hhco-cbd-full-thco-120mg-copia,,
,5,"Esta rico, y pega macizo.",8316673097900,https://extractoseum.com/products/cream-candy-candy-kush-hhc-hhco-cbd-full-thco-120mg-copia,,
,5,"buen sabor, es divertido pero est√° muy duro es dulce confitado.",8316673097900,https://extractoseum.com/products/cream-candy-candy-kush-hhc-hhco-cbd-full-thco-120mg-copia,,
,5,nan,8316673097900,https://extractoseum.com/products/cream-candy-candy-kush-hhc-hhco-cbd-full-thco-120mg-copia,,
,5,"Me encanta, lo recomiendo para un trip suave y lindo.",8316673097900,https://extractoseum.com/products/cream-candy-candy-kush-hhc-hhco-cbd-full-thco-120mg-copia,,
,5,Muy buen producto sin duda comprare mad,8316673097900,https://extractoseum.com/products/cream-candy-candy-kush-hhc-hhco-cbd-full-thco-120mg-copia,,
,5,excelente producto,8316673097900,https://extractoseum.com/products/cream-candy-candy-kush-hhc-hhco-cbd-full-thco-120mg-copia,,
,5,nan,8316673097900,https://extractoseum.com/products/cream-candy-candy-kush-hhc-hhco-cbd-full-thco-120mg-copia,,
,5,"Lo recomiendo, pega a gusto, saben a peligro, buen producto, seguire comprando mas dulces...",8316673097900,https://extractoseum.com/products/cream-candy-candy-kush-hhc-hhco-cbd-full-thco-120mg-copia,,
,5,nan,8316673097900,https://extractoseum.com/products/cream-candy-candy-kush-hhc-hhco-cbd-full-thco-120mg-copia,,
,5,Buen producto pero casi no pega y sabe rico,8316673097900,https://extractoseum.com/products/cream-candy-candy-kush-hhc-hhco-cbd-full-thco-120mg-copia,,
,5,"Me gust√≥ el producto, te da una sensaci√≥n de relajaci√≥n aunque debes estar en un estado muy relajado para que puedas sentir el efecto",8316673097900,https://extractoseum.com/products/cream-candy-candy-kush-hhc-hhco-cbd-full-thco-120mg-copia,,
,5,100 % Al rato pedir√©,8316673097900,https://extractoseum.com/products/cream-candy-candy-kush-hhc-hhco-cbd-full-thco-120mg-copia,,
,5,Muy buen producto llego a tiempo ‚è±Ô∏è y muy ricos,8316673097900,https://extractoseum.com/products/cream-candy-candy-kush-hhc-hhco-cbd-full-thco-120mg-copia,,
,5,"Deli deli, pegan lo justo y necesario para un buen d√≠a con los amigos, carne asada y toboganes üôÇ‚Äç‚ÜïÔ∏è",8316673097900,https://extractoseum.com/products/cream-candy-candy-kush-hhc-hhco-cbd-full-thco-120mg-copia,,
,5,Lo recomiendo 100%,8316673097900,https://extractoseum.com/products/cream-candy-candy-kush-hhc-hhco-cbd-full-thco-120mg-copia,,
,5,"Excelente producto, 100% lo recomiendo",8316673097900,https://extractoseum.com/products/cream-candy-candy-kush-hhc-hhco-cbd-full-thco-120mg-copia,,
,5,"Gran producto,sabor y calidad.",8316673097900,https://extractoseum.com/products/cream-candy-candy-kush-hhc-hhco-cbd-full-thco-120mg-copia,,
,5,Muy buen producto,8316673097900,https://extractoseum.com/products/cream-candy-candy-kush-hhc-hhco-cbd-full-thco-120mg-copia,,
,5,productos de calidad y entra super rapida,8316673097900,https://extractoseum.com/products/cream-candy-candy-kush-hhc-hhco-cbd-full-thco-120mg-copia,,
,5,"Muy buena marca, los dulces son muy buenos y el viaje est√° muy deli",8316673097900,https://extractoseum.com/products/cream-candy-candy-kush-hhc-hhco-cbd-full-thco-120mg-copia,,
,5,Es un gran producto y la atenci√≥n y seguimiento de el site es muy bueno! Volver√≠a a comprar sin duda,8316673097900,https://extractoseum.com/products/cream-candy-candy-kush-hhc-hhco-cbd-full-thco-120mg-copia,,
,5,"Excelente producto si lo recomiendo bastante interesante, gracias.",8316673097900,https://extractoseum.com/products/cream-candy-candy-kush-hhc-hhco-cbd-full-thco-120mg-copia,,
,5,"Muy pr√°ctico, 1000 % efectivo para toda ocasi√≥n. Lo recomiendo mucho",8316673097900,https://extractoseum.com/products/cream-candy-candy-kush-hhc-hhco-cbd-full-thco-120mg-copia,,
,5,Excelente producto. Es mi segunda compra y todo bien,8316673097900,https://extractoseum.com/products/cream-candy-candy-kush-hhc-hhco-cbd-full-thco-120mg-copia,,
,5,Lo recomiendo al 100%,8316673097900,https://extractoseum.com/products/cream-candy-candy-kush-hhc-hhco-cbd-full-thco-120mg-copia,,
,5,"Son dulces que cumple con su objetivo, una experiencia muy buena, lo recomiendo bastante 1000/10",8316673097900,https://extractoseum.com/products/cream-candy-candy-kush-hhc-hhco-cbd-full-thco-120mg-copia,,
,5,"buen producto, pega chido",8316673097900,https://extractoseum.com/products/cream-candy-candy-kush-hhc-hhco-cbd-full-thco-120mg-copia,,
,5,Incre√≠ble producto nunca decepciona,8316673097900,https://extractoseum.com/products/cream-candy-candy-kush-hhc-hhco-cbd-full-thco-120mg-copia,,
,5,"Excelente producto, sabe muy rico y de efectos duraderos",8316673097900,https://extractoseum.com/products/cream-candy-candy-kush-hhc-hhco-cbd-full-thco-120mg-copia,,
,5,"muy buen producto, recomiendo",8316673097900,https://extractoseum.com/products/cream-candy-candy-kush-hhc-hhco-cbd-full-thco-120mg-copia,,
,5,Tienen un muy buen sabor y buen efecto.,8316673097900,https://extractoseum.com/products/cream-candy-candy-kush-hhc-hhco-cbd-full-thco-120mg-copia,,
,5,Productos de calidad! 100% recomendado,8316673097900,https://extractoseum.com/products/cream-candy-candy-kush-hhc-hhco-cbd-full-thco-120mg-copia,,
,5,saben ricos los caramelos y tienen un efecto deseado con un caramelo basta ya que no soy consumidor del diario,8316673097900,https://extractoseum.com/products/cream-candy-candy-kush-hhc-hhco-cbd-full-thco-120mg-copia,,
,4,Tal vez por estar acostumbrado a dosis fuertes que no sent√≠ que me pegara,8316673097900,https://extractoseum.com/products/cream-candy-candy-kush-hhc-hhco-cbd-full-thco-120mg-copia,,
,3,Te deja un efecto leve pero duradero,8316673097900,https://extractoseum.com/products/cream-candy-candy-kush-hhc-hhco-cbd-full-thco-120mg-copia,,
,5,Pa alegrar la tarde (:,8316673097900,https://extractoseum.com/products/cream-candy-candy-kush-hhc-hhco-cbd-full-thco-120mg-copia,,
,4,"Excelente producto, 100% lo recomiendo",8316673097900,https://extractoseum.com/products/cream-candy-candy-kush-hhc-hhco-cbd-full-thco-120mg-copia,,
,5,Excelente producto altamente recomendado,8316673097900,https://extractoseum.com/products/cream-candy-candy-kush-hhc-hhco-cbd-full-thco-120mg-copia,,
,5,Excelente producto ya lo recomend√© a mis amigos y est√°mos preparando el dinero para el siguiente env√≠o,8316673097900,https://extractoseum.com/products/cream-candy-candy-kush-hhc-hhco-cbd-full-thco-120mg-copia,,
,5,Buen producto üëå,8316673097900,https://extractoseum.com/products/cream-candy-candy-kush-hhc-hhco-cbd-full-thco-120mg-copia,,
,4,"Fue un buen servicio, llego justo a tiempo, me encantar√≠a que se pudiera solo rastrear el envio como en rappi o uber eats, en vez de sacarte al buscador predeterminado del telefono. Cambiando de tema, me gusta mucho que si se sepa con exactitud cuando llega el envi√≥ con el reloj que indica cuando llegar√°.",8316673097900,https://extractoseum.com/products/cream-candy-candy-kush-hhc-hhco-cbd-full-thco-120mg-copia,,
,5,Excelente producto. 100 recomendable üòª,8316673097900,https://extractoseum.com/products/cream-candy-candy-kush-hhc-hhco-cbd-full-thco-120mg-copia,,
,5,"Por supuesto que es un excelente producto, se siente muy a gusto el tryp, buen sabor y el high es muy bueno... Recomendado.",8316673097900,https://extractoseum.com/products/cream-candy-candy-kush-hhc-hhco-cbd-full-thco-120mg-copia,,
,4,"Buenos productos y entrega r√°pida, sin duda volver√≠a a comprar",8316673097900,https://extractoseum.com/products/cream-candy-candy-kush-hhc-hhco-cbd-full-thco-120mg-copia,,
,5,Ta chido üëç,8316673097900,https://extractoseum.com/products/cream-candy-candy-kush-hhc-hhco-cbd-full-thco-120mg-copia,,
,5,"es r√°pido en el mismo dia y sin tantas complicaciones en la compra, lo recomiendo 100%",8316673097900,https://extractoseum.com/products/cream-candy-candy-kush-hhc-hhco-cbd-full-thco-120mg-copia,,
,5,productos incre√≠bles! s√∫per recomendado,8316673097900,https://extractoseum.com/products/cream-candy-candy-kush-hhc-hhco-cbd-full-thco-120mg-copia,,
,5,100% recomendado para algo tranqui y de buen sabor,8316673097900,https://extractoseum.com/products/cream-candy-candy-kush-hhc-hhco-cbd-full-thco-120mg-copia,,
,5,"los dulces super buenos , pegan muy agusto",8316673097900,https://extractoseum.com/products/cream-candy-candy-kush-hhc-hhco-cbd-full-thco-120mg-copia,,
,5,Excelente high! Super suave el viajee,8316673097900,https://extractoseum.com/products/cream-candy-candy-kush-hhc-hhco-cbd-full-thco-120mg-copia,,
,5,Muy buen producto y efecto tarda muy poco en hacer efecto y el sabor es muy bueno aparte de que lleg√≥ ese mismo d√≠a que lo ped√≠ y todo discreto,8316673097900,https://extractoseum.com/products/cream-candy-candy-kush-hhc-hhco-cbd-full-thco-120mg-copia,,
,4,Si lo recomiendo,8316673097900,https://extractoseum.com/products/cream-candy-candy-kush-hhc-hhco-cbd-full-thco-120mg-copia,,
,3,"No lo he podido probar, dice que hay que dividirlo pero no se puede ya que es un caramelo duro",8316673097900,https://extractoseum.com/products/cream-candy-candy-kush-hhc-hhco-cbd-full-thco-120mg-copia,,
,5,La verdad muy buen producto y la calidad uff excelente üëå,8316673097900,https://extractoseum.com/products/cream-candy-candy-kush-hhc-hhco-cbd-full-thco-120mg-copia,,
,,Todo s√∫per bien,8316673097900,https://extractoseum.com/products/cream-candy-candy-kush-hhc-hhco-cbd-full-thco-120mg-copia,,
,5,Muy buenos productos y el env√≠o bien,8316673097900,https://extractoseum.com/products/cream-candy-candy-kush-hhc-hhco-cbd-full-thco-120mg-copia,,
,4,"Reacci√≥n moderada con porci√≥n experta, buen trip",8316673097900,https://extractoseum.com/products/cream-candy-candy-kush-hhc-hhco-cbd-full-thco-120mg-copia,,
,5,Excelente producto buen viaje,8316673097900,https://extractoseum.com/products/cream-candy-candy-kush-hhc-hhco-cbd-full-thco-120mg-copia,,
,5,"Excelente producto, üëå lo recomiendo üëç",8316673097900,https://extractoseum.com/products/cream-candy-candy-kush-hhc-hhco-cbd-full-thco-120mg-copia,,
,5,"Un producto muy bien elaborado,1000000% lo recomiendo",8316673097900,https://extractoseum.com/products/cream-candy-candy-kush-hhc-hhco-cbd-full-thco-120mg-copia,,
,5,"Buen sabor, duraci√≥n y potencia. Es discreto y no tuve problema por llevarlo en mi viaje.",8316673097900,https://extractoseum.com/products/cream-candy-candy-kush-hhc-hhco-cbd-full-thco-120mg-copia,,
,5,"Excelente producto, 100% lo recomiendo si no consumes seguido, pero si lo haces.. esto no te har√° ni consquillas.",8316673097900,https://extractoseum.com/products/cream-candy-candy-kush-hhc-hhco-cbd-full-thco-120mg-copia,,
,5,"El producto es genial, no me gener√≥ alguna crisis ni nada, es m√°s me mantuvo m√°s consciente.",8316673097900,https://extractoseum.com/products/cream-candy-candy-kush-hhc-hhco-cbd-full-thco-120mg-copia,,
,5,Muy buen producto y a precio accesible,8316673097900,https://extractoseum.com/products/cream-candy-candy-kush-hhc-hhco-cbd-full-thco-120mg-copia,,
,4,"Buenas, pero necesite comerme todo el paquete para sentirme a gusto",8316673097900,https://extractoseum.com/products/cream-candy-candy-kush-hhc-hhco-cbd-full-thco-120mg-copia,,
,5,Muy buen producto,8316673097900,https://extractoseum.com/products/cream-candy-candy-kush-hhc-hhco-cbd-full-thco-120mg-copia,,
,5,Todo 10/10 espero comprar pronto de nuevo,8316673097900,https://extractoseum.com/products/cream-candy-candy-kush-hhc-hhco-cbd-full-thco-120mg-copia,,
,5,"Muy buenas las gomitas, si no eres consumidor promedio o avanzado solo comer menos de 5 a 10 mg, si ya eres avanzando solo como la mitad con eso te pondr√° bien",8316673097900,https://extractoseum.com/products/cream-candy-candy-kush-hhc-hhco-cbd-full-thco-120mg-copia,,
,5,"Muy buen producto para experimentados , dura y pega bien ! Recomendado al 100",8316673097900,https://extractoseum.com/products/cream-candy-candy-kush-hhc-hhco-cbd-full-thco-120mg-copia,,
,5,"Excelente producto, con la mitad es suficiente, potente.",8316673097900,https://extractoseum.com/products/cream-candy-candy-kush-hhc-hhco-cbd-full-thco-120mg-copia,,
,5,Excelente producto 100% l,8316673097900,https://extractoseum.com/products/cream-candy-candy-kush-hhc-hhco-cbd-full-thco-120mg-copia,,
,5,Excelente producto buen viaje,8316673097900,https://extractoseum.com/products/cream-candy-candy-kush-hhc-hhco-cbd-full-thco-120mg-copia,,
,5,Excelente trip y eso que nos comimos solo la mitad,8316673097900,https://extractoseum.com/products/cream-candy-candy-kush-hhc-hhco-cbd-full-thco-120mg-copia,,
,2,50% recomendado,8316673097900,https://extractoseum.com/products/cream-candy-candy-kush-hhc-hhco-cbd-full-thco-120mg-copia,,
,5,"Es un buen comestible, pero si eres un consumidor frecuente uno no te va hacer nada, lo recomendable es comer dos si quieres explotar, es un gran producto y de calidad",8316673097900,https://extractoseum.com/products/cream-candy-candy-kush-hhc-hhco-cbd-full-thco-120mg-copia,,
,5,Excelente producto,8316673097900,https://extractoseum.com/products/cream-candy-candy-kush-hhc-hhco-cbd-full-thco-120mg-copia,,
,5,lo recomiendo,8316673097900,https://extractoseum.com/products/cream-candy-candy-kush-hhc-hhco-cbd-full-thco-120mg-copia,,
,5,Muy buen producto,8316673097900,https://extractoseum.com/products/cream-candy-candy-kush-hhc-hhco-cbd-full-thco-120mg-copia,,
,5,Fue exactamente lo esperado muy recomendable,8316673097900,https://extractoseum.com/products/cream-candy-candy-kush-hhc-hhco-cbd-full-thco-120mg-copia,,
,5,Me encanta la rapidez con la que lleg√≥ el producto 100 de 100 recomendado,8316673097900,https://extractoseum.com/products/cream-candy-candy-kush-hhc-hhco-cbd-full-thco-120mg-copia,,
,4,"Tiene muy buen sabor, potencia decente",8316673097900,https://extractoseum.com/products/cream-candy-candy-kush-hhc-hhco-cbd-full-thco-120mg-copia,,
,4,Todo bien.,8316673097900,https://extractoseum.com/products/cream-candy-candy-kush-hhc-hhco-cbd-full-thco-120mg-copia,,
,5,"Excelente producto, se disfruta mucho el Tryp, lo recomiendo totalmente üí´‚ú®10/10",8316673097900,https://extractoseum.com/products/cream-candy-candy-kush-hhc-hhco-cbd-full-thco-120mg-copia,,
,5,"Es un producto que cumple con su cometido, sabe rico y te coloca, dura poco su efecto pero es sabroso mientras dura.",8316673097900,https://extractoseum.com/products/cream-candy-candy-kush-hhc-hhco-cbd-full-thco-120mg-copia,,
,4,"Excelente producto,",8316673097900,https://extractoseum.com/products/cream-candy-candy-kush-hhc-hhco-cbd-full-thco-120mg-copia,,
,5,Una sola gomita pega fuerte si eres nuevo con solo una sientes un buen trip,8316673097900,https://extractoseum.com/products/cream-candy-candy-kush-hhc-hhco-cbd-full-thco-120mg-copia,,
,5,Tienen un trip que no te da paranoia.,8316673097900,https://extractoseum.com/products/cream-candy-candy-kush-hhc-hhco-cbd-full-thco-120mg-copia,,
,5,Esta perrisimo se me hace super Rico El sabor te HACE saber que TE pondra hasta atras,8316673097900,https://extractoseum.com/products/cream-candy-candy-kush-hhc-hhco-cbd-full-thco-120mg-copia,,
,5,"Muy bien producto, sabor muy bueno, solo que el efecto tarda en llegar dependiendo la persona",8316673097900,https://extractoseum.com/products/cream-candy-candy-kush-hhc-hhco-cbd-full-thco-120mg-copia,,
,5,"Gran producto, r√°pida entrega.",8316673097900,https://extractoseum.com/products/cream-candy-candy-kush-hhc-hhco-cbd-full-thco-120mg-copia,,
,5,"Aguas, se ven inofencivas pero si me pegaron duro y me com√≠ como 3/4, buen producto",8316673097900,https://extractoseum.com/products/cream-candy-candy-kush-hhc-hhco-cbd-full-thco-120mg-copia,,
,5,Recomendado,8316673097900,https://extractoseum.com/products/cream-candy-candy-kush-hhc-hhco-cbd-full-thco-120mg-copia,,
,5,Gran producto potencia ideal para un d√≠a de relax,8316673097900,https://extractoseum.com/products/cream-candy-candy-kush-hhc-hhco-cbd-full-thco-120mg-copia,,
,4,Excelente producto aunque con este sabor ven√≠an un poco desechos los dulces,8316673097900,https://extractoseum.com/products/cream-candy-candy-kush-hhc-hhco-cbd-full-thco-120mg-copia,,
,5,Es una maravilla potente ‚≠ê,8316673097900,https://extractoseum.com/products/cream-candy-candy-kush-hhc-hhco-cbd-full-thco-120mg-copia,,
,5,Es muy buen producto cumple y te pone bien,8316673097900,https://extractoseum.com/products/cream-candy-candy-kush-hhc-hhco-cbd-full-thco-120mg-copia,,
,5,Me gusta muy buenas expectativas y las cumple,8316673097900,https://extractoseum.com/products/cream-candy-candy-kush-hhc-hhco-cbd-full-thco-120mg-copia,,
,5,"Buen producto, muy recomendable y claro lo volver√≠a a pedir ‚ú®",8316673097900,https://extractoseum.com/products/cream-candy-candy-kush-hhc-hhco-cbd-full-thco-120mg-copia,,
,5,"Excelente producto, pegan r√°pido üëåüèæ",8316673097900,https://extractoseum.com/products/cream-candy-candy-kush-hhc-hhco-cbd-full-thco-120mg-copia,,
,5,La calidad es muy Buena,8316673097900,https://extractoseum.com/products/cream-candy-candy-kush-hhc-hhco-cbd-full-thco-120mg-copia,,
,5,Volver√≠a a comprar soy del estado de M√©xico lo √∫nico inconvenientes son el precio del env√≠o,8316673097900,https://extractoseum.com/products/cream-candy-candy-kush-hhc-hhco-cbd-full-thco-120mg-copia,,
,5,Pero si vale la pena,8316673097900,https://extractoseum.com/products/cream-candy-candy-kush-hhc-hhco-cbd-full-thco-120mg-copia,,
,5,"El producto lleg√≥ s√∫per bien empaquetado y a tiempo, tiene buen sabor y buen efecto, cabe recalcar que soy fumador intermedio.",8316673097900,https://extractoseum.com/products/cream-candy-candy-kush-hhc-hhco-cbd-full-thco-120mg-copia,,
,4,"Candy Melt Formula, Sour Blueberry fueron un excelente producto, recomendado",8316673097900,https://extractoseum.com/products/cream-candy-candy-kush-hhc-hhco-cbd-full-thco-120mg-copia,,
,5,"un muy buen producto si lo que quieres en un momento de desestres, relajaci√≥n y concentraci√≥n , lo recomiendo ampliamente.",8316673097900,https://extractoseum.com/products/cream-candy-candy-kush-hhc-hhco-cbd-full-thco-120mg-copia,,
,5,"Bastante rico, lo recomiendo alpliamente",8316673097900,https://extractoseum.com/products/cream-candy-candy-kush-hhc-hhco-cbd-full-thco-120mg-copia,,
,5,"Excelente servicio, 100% recomendado",8316673097900,https://extractoseum.com/products/cream-candy-candy-kush-hhc-hhco-cbd-full-thco-120mg-copia,,
,5,Muy bien producto est√° üíØ % recomendado s√∫per high,8316673097900,https://extractoseum.com/products/cream-candy-candy-kush-hhc-hhco-cbd-full-thco-120mg-copia,,
,5,"Muy buen producto, no es la primera vez que lo compro y no decepciona",8316673097900,https://extractoseum.com/products/cream-candy-candy-kush-hhc-hhco-cbd-full-thco-120mg-copia,,
,5,Me encanta el sabor y ponen conmadre,8316673097900,https://extractoseum.com/products/cream-candy-candy-kush-hhc-hhco-cbd-full-thco-120mg-copia,,
,5,Excelente producto ü´∂,8316673097900,https://extractoseum.com/products/cream-candy-candy-kush-hhc-hhco-cbd-full-thco-120mg-copia,,
,5,Cumple con las caracter√≠sticas. Buen tryp y una duraci√≥n decente,8316673097900,https://extractoseum.com/products/cream-candy-candy-kush-hhc-hhco-cbd-full-thco-120mg-copia,,
,4,"Buen efecto, pero no dura tanto tiempo",8316673097900,https://extractoseum.com/products/cream-candy-candy-kush-hhc-hhco-cbd-full-thco-120mg-copia,,
,5,Sin duda la atenci√≥n y el servicio de primera muy profesional y cuidadosos de qui√©n es el comprador. Excelente producto.,8316673097900,https://extractoseum.com/products/cream-candy-candy-kush-hhc-hhco-cbd-full-thco-120mg-copia,,
,5,"Muy bien producto, sab√≠a muy rico,",8316673097900,https://extractoseum.com/products/cream-candy-candy-kush-hhc-hhco-cbd-full-thco-120mg-copia,,
,5,Excelente producto me tumbo como gorda con aceite,8316673097900,https://extractoseum.com/products/cream-candy-candy-kush-hhc-hhco-cbd-full-thco-120mg-copia,,
,5,"Soy nuevo en esto, por lo tanto los reviews no me sirvieron mucho ya que dec√≠an que los productos no eran fuertes y a mi me tumbaron.",8316673097900,https://extractoseum.com/products/cream-candy-candy-kush-hhc-hhco-cbd-full-thco-120mg-copia,,
,5,"Gran producto, pega much√≠simo y el instructivo es bastante claro",8316673097900,https://extractoseum.com/products/cream-candy-candy-kush-hhc-hhco-cbd-full-thco-120mg-copia,,
,5,"Los dulces son una maravilla, el vape igual",8316673097900,https://extractoseum.com/products/cream-candy-candy-kush-hhc-hhco-cbd-full-thco-120mg-copia,,
,3,Siento que algunos no est√°n tan concentrados,8316673097900,https://extractoseum.com/products/cream-candy-candy-kush-hhc-hhco-cbd-full-thco-120mg-copia,,
,5,Muy bien producto de calidad y con efectos incre√≠bles,8316673097900,https://extractoseum.com/products/cream-candy-candy-kush-hhc-hhco-cbd-full-thco-120mg-copia,,
,5,Me tuve que comer uno y medio para que me pegara pero si me dur√≥ el efecto,8316673097900,https://extractoseum.com/products/cream-candy-candy-kush-hhc-hhco-cbd-full-thco-120mg-copia,,
,4,"Es buen producto, pero ojo como es caramelo melt demora en derretirse en la boca, dif√≠cil de morder. En cuanto al efecto dura varias horas.",8316673097900,https://extractoseum.com/products/cream-candy-candy-kush-hhc-hhco-cbd-full-thco-120mg-copia,,
,4,Cumple perfectamente tanto en env√≠o como en calidad.,8316673097900,https://extractoseum.com/products/cream-candy-candy-kush-hhc-hhco-cbd-full-thco-120mg-copia,,
,5,"Excelente producto, lleg√≥ s√∫per r√°pido y pega deli",8316673097900,https://extractoseum.com/products/cream-candy-candy-kush-hhc-hhco-cbd-full-thco-120mg-copia,,
,5,"Asombroso, alta potencia üëΩ, lo recomiendo üíØ",8316673097900,https://extractoseum.com/products/cream-candy-candy-kush-hhc-hhco-cbd-full-thco-120mg-copia,,
,4,El producto est√° bien pero yo buscaba algo un poco m√°s fuerte,8316673097900,https://extractoseum.com/products/cream-candy-candy-kush-hhc-hhco-cbd-full-thco-120mg-copia,,
,,"Excelente producto, buen viaje",8316673097900,https://extractoseum.com/products/cream-candy-candy-kush-hhc-hhco-cbd-full-thco-120mg-copia,,
,5,"Estuvo riqu√≠simo; y, vaya que s√≠ lo recomiendo!",8316673097900,https://extractoseum.com/products/cream-candy-candy-kush-hhc-hhco-cbd-full-thco-120mg-copia,,
,1,"No cumple con lo que promete, efecto muy leve, sabor horrible y bastante baja duraci√≥n, no comprar√≠a de nuevo este producto",8316673097900,https://extractoseum.com/products/cream-candy-candy-kush-hhc-hhco-cbd-full-thco-120mg-copia,,
,5,"Buen producto, pens√© que eran gomitas pero eran dulces. 100% recomendadas",8316673097900,https://extractoseum.com/products/cream-candy-candy-kush-hhc-hhco-cbd-full-thco-120mg-copia,,
,5,Muy buen producto 100% recomendado,8316673097900,https://extractoseum.com/products/cream-candy-candy-kush-hhc-hhco-cbd-full-thco-120mg-copia,,
,5,"Excelente producto, pega tal y como esperaba sin mencionar su excelente presentaci√≥n 10/10",8316673097900,https://extractoseum.com/products/cream-candy-candy-kush-hhc-hhco-cbd-full-thco-120mg-copia,,
,5,Excelente producto lo recomiendo,8316673097900,https://extractoseum.com/products/cream-candy-candy-kush-hhc-hhco-cbd-full-thco-120mg-copia,,
,3,No me agrado el s√°bor pero tampoco me disgusto,8316673097900,https://extractoseum.com/products/cream-candy-candy-kush-hhc-hhco-cbd-full-thco-120mg-copia,,
,4,"Buen sabor y efecto pero les daria mas puntos si su caramelo tuviera forma o dise√±o, mas que solo sea un chunk pegado al empaque interno",8316673097900,https://extractoseum.com/products/cream-candy-candy-kush-hhc-hhco-cbd-full-thco-120mg-copia,,
,4,"Buen sabor y efecto pero les daria mas puntos si su caramelo tuviera forma o dise√±o, mas que solo sea un chunk pegado al empaque interno",8316673097900,https://extractoseum.com/products/cream-candy-candy-kush-hhc-hhco-cbd-full-thco-120mg-copia,,
,5,Muy buen producto 100% recomendado,8316673097900,https://extractoseum.com/products/cream-candy-candy-kush-hhc-hhco-cbd-full-thco-120mg-copia,,
,4,Candy kush 100% recomendado,8316673097900,https://extractoseum.com/products/cream-candy-candy-kush-hhc-hhco-cbd-full-thco-120mg-copia,,
,5,"Excelente servicio, super recomendadoüíØ",8316673097900,https://extractoseum.com/products/cream-candy-candy-kush-hhc-hhco-cbd-full-thco-120mg-copia,,
,5,"excelente efecto, solo q en mi caso se tardaron 2 horas en pegar",8316673097900,https://extractoseum.com/products/cream-candy-candy-kush-hhc-hhco-cbd-full-thco-120mg-copia,,
,5,"Tienen bien potencia, solo que hay sabores que no pegan tanto (sand√≠a) el que me tumb√≥ fue el de buuble",8316673097900,https://extractoseum.com/products/cream-candy-candy-kush-hhc-hhco-cbd-full-thco-120mg-copia,,
,3,"El efecto en m√≠ fue muy ligero, no me dio el high que me da fumada, quiz√° para alguien que sea principiante puede estar bien.",8316673097900,https://extractoseum.com/products/cream-candy-candy-kush-hhc-hhco-cbd-full-thco-120mg-copia,,
,4,"Excelente producto, muy buena calidad!",8316673097900,https://extractoseum.com/products/cream-candy-candy-kush-hhc-hhco-cbd-full-thco-120mg-copia,,
,5,Muy buen servicio por parte del repartidor muy amable y cordial,8316673097900,https://extractoseum.com/products/cream-candy-candy-kush-hhc-hhco-cbd-full-thco-120mg-copia,,
,4,"El producto est√° bien. Llego bien y todo, solo que considero q pega muy ligerito y q no dura tanto el efecto, adem√°s de que no tienesabor. Fuera de eso, pega r√°pido y es un efecto muy suave",8316682076332,https://extractoseum.com/products/red-hot-chili-caramel-candy-kush-hhc-hhco-cbd-full-thco-120mg,,
,4,"Excelente producto, el sabor es feo, pero muy buen efecto",8316682076332,https://extractoseum.com/products/red-hot-chili-caramel-candy-kush-hhc-hhco-cbd-full-thco-120mg,,
,4,Recomiendo una goma por sesi√≥n. Ah m√≠ la verdad con solo una de 50 tuve para tener un buen viaje ya si quieres que tu viaje sea m√°s elevado te recomiendo 2.,8316682076332,https://extractoseum.com/products/red-hot-chili-caramel-candy-kush-hhc-hhco-cbd-full-thco-120mg,,
,5,Con una gomita tienes un buen viaje. Recomendado üëåüèª,8316682076332,https://extractoseum.com/products/red-hot-chili-caramel-candy-kush-hhc-hhco-cbd-full-thco-120mg,,
,2,Nunca me peg√≥ el producto,8316682076332,https://extractoseum.com/products/red-hot-chili-caramel-candy-kush-hhc-hhco-cbd-full-thco-120mg,,
,1,"Muy mal producto, no sent√≠ ning√∫n efecto",8316682076332,https://extractoseum.com/products/red-hot-chili-caramel-candy-kush-hhc-hhco-cbd-full-thco-120mg,,
,5,"Excelente producto, buen viaje!!",8316682076332,https://extractoseum.com/products/red-hot-chili-caramel-candy-kush-hhc-hhco-cbd-full-thco-120mg,,
,5,me comi las 2 de golpe y estuvo bastante bien,8316682076332,https://extractoseum.com/products/red-hot-chili-caramel-candy-kush-hhc-hhco-cbd-full-thco-120mg,,
,5,"Buen producto, buen trypüíö",8316682076332,https://extractoseum.com/products/red-hot-chili-caramel-candy-kush-hhc-hhco-cbd-full-thco-120mg,,
,5,Excelente,8316682076332,https://extractoseum.com/products/red-hot-chili-caramel-candy-kush-hhc-hhco-cbd-full-thco-120mg,,
,2,De sabor a sand√≠a √°cida. No son muy potentes. No sent√≠ que me hiciera efecto,8316682076332,https://extractoseum.com/products/red-hot-chili-caramel-candy-kush-hhc-hhco-cbd-full-thco-120mg,,
,5,Pega fuerte si te comes las 2 recomendable,8316682076332,https://extractoseum.com/products/red-hot-chili-caramel-candy-kush-hhc-hhco-cbd-full-thco-120mg,,
,3,"No, sent√≠ efecto alguno, supongo es para principiantes",8316682076332,https://extractoseum.com/products/red-hot-chili-caramel-candy-kush-hhc-hhco-cbd-full-thco-120mg,,
,4,"Es bueno, pega muy relax si eres consumidor necesitar√°s m√°s de uno para sentirte a gusto",8316682076332,https://extractoseum.com/products/red-hot-chili-caramel-candy-kush-hhc-hhco-cbd-full-thco-120mg,,
,5,Candy Kush me encanto! justo lo que venia en la descripci√≥n y el sabor es muy bueno,8316682076332,https://extractoseum.com/products/red-hot-chili-caramel-candy-kush-hhc-hhco-cbd-full-thco-120mg,,
,5,Excelente producto!,8316682076332,https://extractoseum.com/products/red-hot-chili-caramel-candy-kush-hhc-hhco-cbd-full-thco-120mg,,
,4,nan,8316682076332,https://extractoseum.com/products/red-hot-chili-caramel-candy-kush-hhc-hhco-cbd-full-thco-120mg,,
,5,"Excelente producto, buen sabor y gran potencia. La divid√≠ en 2 porciones.",8316682076332,https://extractoseum.com/products/red-hot-chili-caramel-candy-kush-hhc-hhco-cbd-full-thco-120mg,,
,5,Buen producto y variedad,8316682076332,https://extractoseum.com/products/red-hot-chili-caramel-candy-kush-hhc-hhco-cbd-full-thco-120mg,,
,5,Cumple con la misi√≥n de relajaci√≥n y sabor rico.,8316682076332,https://extractoseum.com/products/red-hot-chili-caramel-candy-kush-hhc-hhco-cbd-full-thco-120mg,,
,5,Llego muy r√°pido,8316682076332,https://extractoseum.com/products/red-hot-chili-caramel-candy-kush-hhc-hhco-cbd-full-thco-120mg,,
,5,Pega muy bien. Un solo caramelo basta para tener un buen trip por 4-5 horas,8316682076332,https://extractoseum.com/products/red-hot-chili-caramel-candy-kush-hhc-hhco-cbd-full-thco-120mg,,
,5,"lo recomiendo ampliamente, una maravilla",8316682076332,https://extractoseum.com/products/red-hot-chili-caramel-candy-kush-hhc-hhco-cbd-full-thco-120mg,,
,4,"Muy buen producto, me hizo efecto en 2 horas y a mi mam√° en 3. Pesamos lo mismo pero ella mide menos, no se a que se deba. Lo recomiendo",8315450130604,https://extractoseum.com/products/cream-candy-candy-kush-hhc-hhco-cbd-full-thco-120mg,,
,5,Excelente producto. Lo recomiendo ampliamente,8315450130604,https://extractoseum.com/products/cream-candy-candy-kush-hhc-hhco-cbd-full-thco-120mg,,
,5,"me puse bien high, recomiendo. buen precio y buena calidad",8315450130604,https://extractoseum.com/products/cream-candy-candy-kush-hhc-hhco-cbd-full-thco-120mg,,
,3,"La verdad esta muy leve, ninguna de las 2 me pego mucho, chance juntas valgan mas la pena",8315450130604,https://extractoseum.com/products/cream-candy-candy-kush-hhc-hhco-cbd-full-thco-120mg,,
,5,"Excelente producto, buenos efectos.",8315450130604,https://extractoseum.com/products/cream-candy-candy-kush-hhc-hhco-cbd-full-thco-120mg,,
,5,100% recomendable el producto y con un servicio de entrega excelente,8315450130604,https://extractoseum.com/products/cream-candy-candy-kush-hhc-hhco-cbd-full-thco-120mg,,
,4,"Buen producto, solo que el sabor no fue totalmente de mi agrado pero de ah√≠ en fuera peg√≥ bastante bien",8315450130604,https://extractoseum.com/products/cream-candy-candy-kush-hhc-hhco-cbd-full-thco-120mg,,
,5,El producto estaba bueno y buen efecto,8315450130604,https://extractoseum.com/products/cream-candy-candy-kush-hhc-hhco-cbd-full-thco-120mg,,
,1,"Ped√≠ unas pastillas de candy kush pensando que serian realmente lo que prometen, pero la verdad nunca sent√≠ ni el m√°s m√≠nimo efecto con el producto no soy un consumidor habitual as√≠ que por tolerancia no fue, me sent√≠ estafado y no se si probar algo m√°s de sus productos.",8315450130604,https://extractoseum.com/products/cream-candy-candy-kush-hhc-hhco-cbd-full-thco-120mg,,
,5,Excelente producto y entrega r√°pida.,8315450130604,https://extractoseum.com/products/cream-candy-candy-kush-hhc-hhco-cbd-full-thco-120mg,,
,5,"Muy bueno, gran efecto y tiene muy buen sabor",8315450130604,https://extractoseum.com/products/cream-candy-candy-kush-hhc-hhco-cbd-full-thco-120mg,,
,5,Pegan bieeeen sabroso y no te da para abajo,8315450130604,https://extractoseum.com/products/cream-candy-candy-kush-hhc-hhco-cbd-full-thco-120mg,,
,4,Recomiendo para relajarse un ratoü´∂üëå,8315450130604,https://extractoseum.com/products/cream-candy-candy-kush-hhc-hhco-cbd-full-thco-120mg,,
,4,me gusta por el precio pero si eres habitual consumidor una no te pegara bien una y media si es la dosis,8315450130604,https://extractoseum.com/products/cream-candy-candy-kush-hhc-hhco-cbd-full-thco-120mg,,
,5,"Mejoro mucho respecto a la primera pieza que compre de este producto, con uno tengo y me sobra aun con mi aberrante tolerancia extrema al cannabis",8315450130604,https://extractoseum.com/products/cream-candy-candy-kush-hhc-hhco-cbd-full-thco-120mg,,
,5,"Una experiencia muy confortante, un viaje muy potente y con efectos potentes, muy recomendable",8315450130604,https://extractoseum.com/products/cream-candy-candy-kush-hhc-hhco-cbd-full-thco-120mg,,
,3,me tardo demasiado es hacer efecto :c,8315450130604,https://extractoseum.com/products/cream-candy-candy-kush-hhc-hhco-cbd-full-thco-120mg,,
,5,"Pega duro la verdad, lo recomiendo. Aunque el sabor es un poco raro pero aguantable. 100% recomendado.",8315450130604,https://extractoseum.com/products/cream-candy-candy-kush-hhc-hhco-cbd-full-thco-120mg,,
,5,"Muy buen producto, totalmente recomendable",8315450130604,https://extractoseum.com/products/cream-candy-candy-kush-hhc-hhco-cbd-full-thco-120mg,,
,5,"mis respetos, es un caramelo y sabe a Maribel, es medio empalagoso el sabor pero con te pone bien viajado",8315450130604,https://extractoseum.com/products/cream-candy-candy-kush-hhc-hhco-cbd-full-thco-120mg,,
,5,"mis respetos, es un caramelo y sabe a Maribel, es medio empalagoso el sabor pero con te pone bien viajado",8315450130604,https://extractoseum.com/products/cream-candy-candy-kush-hhc-hhco-cbd-full-thco-120mg,,
,5,"Muy ricas, saben a jolly rancher pero con magia!",8315450130604,https://extractoseum.com/products/cream-candy-candy-kush-hhc-hhco-cbd-full-thco-120mg,,
,3,No tiene la potencia de un THC-O con HHC como mencionan los ingredientes,8315450130604,https://extractoseum.com/products/cream-candy-candy-kush-hhc-hhco-cbd-full-thco-120mg,,
,4,"El efecto de una sola es bueno, tiene una potencia considerable. Dos ya ser√≠a demasiado incluso para consumidores frecuentes.",8315450130604,https://extractoseum.com/products/cream-candy-candy-kush-hhc-hhco-cbd-full-thco-120mg,,
,5,"excelente producto, recomendable para gente que sabe consumir, buen sabor, para un viaje de fin de semana, recomendado",8315450130604,https://extractoseum.com/products/cream-candy-candy-kush-hhc-hhco-cbd-full-thco-120mg,,
,5,Buen servicio de env√≠os y calidad del producto üëå üëç ‚úÖÔ∏è,8315450130604,https://extractoseum.com/products/cream-candy-candy-kush-hhc-hhco-cbd-full-thco-120mg,,
,5,"Un muy buen producto, no pega tanto como cre√≠ pero si te da un efecto relajante, bueno para los que apenas inician con esto",8316682502316,https://extractoseum.com/products/hot-bites-180mg-delta-8-hhc,,
,5,"Buen producto, lo subestim√© y me sorprendi√≥ demasiado as√≠ que 100% recomendado",8316682502316,https://extractoseum.com/products/hot-bites-180mg-delta-8-hhc,,
,5,"Excelente producto , lo recomend√≥ ampliamente y volver√© a pedir m√°s",8316682502316,https://extractoseum.com/products/hot-bites-180mg-delta-8-hhc,,
,3,"Es un buen producto pero siento que el sabor est√° un poco feo, de ah√≠ en fuera todo bien, el viaje no se siente tanto",8316682502316,https://extractoseum.com/products/hot-bites-180mg-delta-8-hhc,,
,5,null,8316682502316,https://extractoseum.com/products/hot-bites-180mg-delta-8-hhc,,
,5,"Excelente producto, tiene sabor fuerte pero buen efecto",8316682502316,https://extractoseum.com/products/hot-bites-180mg-delta-8-hhc,,
,5,Sus productos son muy buenos,8316682502316,https://extractoseum.com/products/hot-bites-180mg-delta-8-hhc,,
,5,Excelente producto recomendable para personas que no conocen sobre este tipo de producto y quieren comprar como primera vez,8316682502316,https://extractoseum.com/products/hot-bites-180mg-delta-8-hhc,,
,5,"La log√≠stica de env√≠o bien, el Vape bien, los comestibles la verdad no tuvieron efecto en mi",8316682502316,https://extractoseum.com/products/hot-bites-180mg-delta-8-hhc,,
,5,"muy buen producto con buen sabor, lo recomiendo",8316682502316,https://extractoseum.com/products/hot-bites-180mg-delta-8-hhc,,
,1,Sabe mucho a √°cido sint√©tico,8316682502316,https://extractoseum.com/products/hot-bites-180mg-delta-8-hhc,,
,5,El producto me tardo en pegar pero el efecto dur√≥ mucho y fue el mejor,8316682502316,https://extractoseum.com/products/hot-bites-180mg-delta-8-hhc,,
,5,"Pegan no tan fuerte, tienen muy buen sabor. El env√≠o m√°s lento del universo.",8316682502316,https://extractoseum.com/products/hot-bites-180mg-delta-8-hhc,,
,5,null,8316682502316,https://extractoseum.com/products/hot-bites-180mg-delta-8-hhc,,
,5,null,8316682502316,https://extractoseum.com/products/hot-bites-180mg-delta-8-hhc,,
,5,Excelente producto,8316682502316,https://extractoseum.com/products/hot-bites-180mg-delta-8-hhc,,
,3,nan,8316682502316,https://extractoseum.com/products/hot-bites-180mg-delta-8-hhc,,
,5,"Muy bueno, lo recomiendo, entra en el top uno de los comestibles que e probada de EUM hasta ahora",8316682502316,https://extractoseum.com/products/hot-bites-180mg-delta-8-hhc,,
,5,"excelente producto, lo recomiendo",8316682502316,https://extractoseum.com/products/hot-bites-180mg-delta-8-hhc,,
,5,excelente producto 100% recomendado y pues eficaz efica,8316682502316,https://extractoseum.com/products/hot-bites-180mg-delta-8-hhc,,
,4,nan,8316682502316,https://extractoseum.com/products/hot-bites-180mg-delta-8-hhc,,
,5,"Muy buen producto, el efecto est√° rico, lo √∫nico es que trae muy poquito contenido.",8316682502316,https://extractoseum.com/products/hot-bites-180mg-delta-8-hhc,,
,3,Eran muy buenas la primera vez que la compr√© ahora ya no dan el mismo efecto,8316682502316,https://extractoseum.com/products/hot-bites-180mg-delta-8-hhc,,
,5,"Este producto tiene buen sabor, y pegan rico y a gusto, sin duda se siente el efecto incluso con una pequena porcion, recomendado",8316682502316,https://extractoseum.com/products/hot-bites-180mg-delta-8-hhc,,
,5,La dosis es perfecta para llevar un viaje controlable y se disfruta bastante. Adem√°s el sabor est√° rico,8316682502316,https://extractoseum.com/products/hot-bites-180mg-delta-8-hhc,,
,5,"1000% recomendado, llegam super r√°pido, y un efecto exquisito!",8316682502316,https://extractoseum.com/products/hot-bites-180mg-delta-8-hhc,,
,5,Buen producto ideal para una boda,8316682502316,https://extractoseum.com/products/hot-bites-180mg-delta-8-hhc,,
,5,"Quedas satisfecho con el producto, un producto muy prometedor, recomendado al 100%",8316682502316,https://extractoseum.com/products/hot-bites-180mg-delta-8-hhc,,
,5,"Muy buena presentaci√≥n, excelente producto. Estoy muy satisfecho con mi compra",8316682502316,https://extractoseum.com/products/hot-bites-180mg-delta-8-hhc,,
,5,Muy buen producto para gente que consume o que nunca a consumido,8316682502316,https://extractoseum.com/products/hot-bites-180mg-delta-8-hhc,,
,5,Recomiendo usarlas antes de comer !!,8316682502316,https://extractoseum.com/products/hot-bites-180mg-delta-8-hhc,,
,5,100% recomendado !!,8316682502316,https://extractoseum.com/products/hot-bites-180mg-delta-8-hhc,,
,5,"Potente, excelente y delicioso",8316682502316,https://extractoseum.com/products/hot-bites-180mg-delta-8-hhc,,
,4,Excelente producto,8316682502316,https://extractoseum.com/products/hot-bites-180mg-delta-8-hhc,,
,4,"Delicioso sabor, 100% derritementes",8316682502316,https://extractoseum.com/products/hot-bites-180mg-delta-8-hhc,,
,5,"Excelente producto 100% lo recomiendo, cumple con todo y llega m√°s r√°pido a tu casa",8316682502316,https://extractoseum.com/products/hot-bites-180mg-delta-8-hhc,,
,5,"Con una est√°s chill, con dos se siente genial",8316682502316,https://extractoseum.com/products/hot-bites-180mg-delta-8-hhc,,
,5,"Muy buen producto, buena duraci√≥n de viaje y sabor rico",8316682502316,https://extractoseum.com/products/hot-bites-180mg-delta-8-hhc,,
,5,Muy bien producto,8316682502316,https://extractoseum.com/products/hot-bites-180mg-delta-8-hhc,,
,1,Estuvo malo el producto solo sabia ahierba y no peg√≥,8316682502316,https://extractoseum.com/products/hot-bites-180mg-delta-8-hhc,,
,5,"Un excelente producto, lo recomiendo 100%",8316682502316,https://extractoseum.com/products/hot-bites-180mg-delta-8-hhc,,
,4,Buen producto,8316682502316,https://extractoseum.com/products/hot-bites-180mg-delta-8-hhc,,
,4,Dura bastante bien y de potencia es buena comi√©ndolo entero,8316682502316,https://extractoseum.com/products/hot-bites-180mg-delta-8-hhc,,
,4,No es para novatos definitivamente pero el efecto es r√°pido y duradero,8316682502316,https://extractoseum.com/products/hot-bites-180mg-delta-8-hhc,,
,4,"Muy buen efecto, tenia mucho sabor lo recomendar√≠a sin duda",8316682502316,https://extractoseum.com/products/hot-bites-180mg-delta-8-hhc,,
,5,Potente y rico,8316682502316,https://extractoseum.com/products/hot-bites-180mg-delta-8-hhc,,
,5,Excelente producto y me ayudaron con el env√≠o! SUUUUPER AMABLES,8316682502316,https://extractoseum.com/products/hot-bites-180mg-delta-8-hhc,,
,1,No lo recomiendo muy mal producto no hubo ning√∫n efecto,8316682502316,https://extractoseum.com/products/hot-bites-180mg-delta-8-hhc,,
,3,Algunas pegan y otras como que no,8316682502316,https://extractoseum.com/products/hot-bites-180mg-delta-8-hhc,,
,5,nan,8316682502316,https://extractoseum.com/products/hot-bites-180mg-delta-8-hhc,,
,4,nan,8316682502316,https://extractoseum.com/products/hot-bites-180mg-delta-8-hhc,,
,5,nan,8316682502316,https://extractoseum.com/products/hot-bites-180mg-delta-8-hhc,,
,5,nan,8316682502316,https://extractoseum.com/products/hot-bites-180mg-delta-8-hhc,,
,5,Muy bueno aunque consumo hierba siempre si m pusoüëåüèº,8316682502316,https://extractoseum.com/products/hot-bites-180mg-delta-8-hhc,,
,5,nan,8316682502316,https://extractoseum.com/products/hot-bites-180mg-delta-8-hhc,,
,5,Muy buen producto y la entrega todo al cien,8316682502316,https://extractoseum.com/products/hot-bites-180mg-delta-8-hhc,,
,5,"El producto tiene una excelente presentaci√≥n, en cuanto a efecto y sabor cumple con lo prometido recomiendo empezar de poco por ejemplo 1/4 y aumentar dosis , eviten en exceso todo con medida",8316682502316,https://extractoseum.com/products/hot-bites-180mg-delta-8-hhc,,
,5,El mejor viaje,8316682502316,https://extractoseum.com/products/hot-bites-180mg-delta-8-hhc,,
,4,"Buen producto, solo que una de las gomitas peg√≥ mucho menos que la otra",8316682502316,https://extractoseum.com/products/hot-bites-180mg-delta-8-hhc,,
,5,"Gran calidad, sin duda lo volver√≠a a comprar y super recomendado",8316682502316,https://extractoseum.com/products/hot-bites-180mg-delta-8-hhc,,
,5,Excelente producto al igual que su potencia excelente,8316675424428,https://extractoseum.com/products/sour-extreme-gummies-candy-kush-hhc-hhco-cbd-full-thco-120mg,,
,5,"En la madrugada me ya que me pego me puse a dibujar y saqu√© buen arte, despu√©s me dorm√≠ y como bebe, de verdad la volver√≠a a comprar",8316675424428,https://extractoseum.com/products/sour-extreme-gummies-candy-kush-hhc-hhco-cbd-full-thco-120mg,,
,4,"Muy buen producto, entrega r√°pida y segura se tardo menos del tiempo que me dio excelente calidad 100% recomendado",8316675424428,https://extractoseum.com/products/sour-extreme-gummies-candy-kush-hhc-hhco-cbd-full-thco-120mg,,
,5,"Productos excelente y precios s√∫per accesibles, la verdad qued√© muy contento con mi pedido, y seguiremos comprando. ü´∂üèª",8316675424428,https://extractoseum.com/products/sour-extreme-gummies-candy-kush-hhc-hhco-cbd-full-thco-120mg,,
,5,Excelente producto,8316675424428,https://extractoseum.com/products/sour-extreme-gummies-candy-kush-hhc-hhco-cbd-full-thco-120mg,,
,5,Est√° incre√≠ble pero el sabor de la sustancia es un poco mas fuerte,8316675424428,https://extractoseum.com/products/sour-extreme-gummies-candy-kush-hhc-hhco-cbd-full-thco-120mg,,
,5,Es muy bueno,8316675424428,https://extractoseum.com/products/sour-extreme-gummies-candy-kush-hhc-hhco-cbd-full-thco-120mg,,
,5,Muy buen producto ‚ù§Ô∏èü´°,8316675424428,https://extractoseum.com/products/sour-extreme-gummies-candy-kush-hhc-hhco-cbd-full-thco-120mg,,
,2,"La verdad est√° bueno, y siento que si te pone un poco high, pero no dura mucho",8316675424428,https://extractoseum.com/products/sour-extreme-gummies-candy-kush-hhc-hhco-cbd-full-thco-120mg,,
,4,Buenas tardes,8316675424428,https://extractoseum.com/products/sour-extreme-gummies-candy-kush-hhc-hhco-cbd-full-thco-120mg,,
,5,"Tengo un problema, no me acepta el c√≥digo del descuento y en costo del env√≠o ya es muy caro de 200 pesos cuando antes no lo cobraban",8316675424428,https://extractoseum.com/products/sour-extreme-gummies-candy-kush-hhc-hhco-cbd-full-thco-120mg,,
,5,Excelente producto y la experiencia que produces es muy buena,8316675424428,https://extractoseum.com/products/sour-extreme-gummies-candy-kush-hhc-hhco-cbd-full-thco-120mg,,
,5,"Compramos entre un amigo y yo, los sonidos se pod√≠an sentir en la nuca y el tacto con las cosas era otro show, mi amigo casi se queda en el viaje üòÇüòÇ, hasta para gente experimentada que no est√° acostumbrada al psicoativo thc-o puede ser una experiencia uffüòõüòõ",8316675424428,https://extractoseum.com/products/sour-extreme-gummies-candy-kush-hhc-hhco-cbd-full-thco-120mg,,
,5,nan,8316675424428,https://extractoseum.com/products/sour-extreme-gummies-candy-kush-hhc-hhco-cbd-full-thco-120mg,,
,5,"Excelente producto, muy bueno a buen precio üëåüëΩ",8316675424428,https://extractoseum.com/products/sour-extreme-gummies-candy-kush-hhc-hhco-cbd-full-thco-120mg,,
,5,100 lo recominedo,8316675424428,https://extractoseum.com/products/sour-extreme-gummies-candy-kush-hhc-hhco-cbd-full-thco-120mg,,
,5,Excelente producto pero si te comes una casi no se siente el tryp deben de ser las dos,8316675424428,https://extractoseum.com/products/sour-extreme-gummies-candy-kush-hhc-hhco-cbd-full-thco-120mg,,
,5,Esta chido,8316675424428,https://extractoseum.com/products/sour-extreme-gummies-candy-kush-hhc-hhco-cbd-full-thco-120mg,,
,5,"Sin duda los productos est√°n buenos, 100% excelente servicio",8316675424428,https://extractoseum.com/products/sour-extreme-gummies-candy-kush-hhc-hhco-cbd-full-thco-120mg,,
,5,Muy bien producto cumple con lo prometido y muy buena calidad 100% recomendable y muy puntual con las entregas,8316675424428,https://extractoseum.com/products/sour-extreme-gummies-candy-kush-hhc-hhco-cbd-full-thco-120mg,,
,5,Excelente calidad y es exactamente lo que ofrecen 10/10,8316675424428,https://extractoseum.com/products/sour-extreme-gummies-candy-kush-hhc-hhco-cbd-full-thco-120mg,,
,2,"P√©sima presentaci√≥n, las gomas son muy duras y de mal sabor.",8316675424428,https://extractoseum.com/products/sour-extreme-gummies-candy-kush-hhc-hhco-cbd-full-thco-120mg,,
,4,Soy consumidora frecuente y apenas senti el efecto tal vez funcione si no fumas tanto,8316675424428,https://extractoseum.com/products/sour-extreme-gummies-candy-kush-hhc-hhco-cbd-full-thco-120mg,,
,3,"Poca potencia, recomendable para novatos o con poca experiencia",8316675424428,https://extractoseum.com/products/sour-extreme-gummies-candy-kush-hhc-hhco-cbd-full-thco-120mg,,
,5,Sin duda fue de las mejores experiencias que tuve con ese producto s√∫per s√∫per relajado s√∫per bien.,8316675424428,https://extractoseum.com/products/sour-extreme-gummies-candy-kush-hhc-hhco-cbd-full-thco-120mg,,
,5,Muy bueno el producto! Creo q esta bien para principiantes y para intermedios en consumo! Lo recomiendo si estas buscando divertirte y pasarla bien,8316675424428,https://extractoseum.com/products/sour-extreme-gummies-candy-kush-hhc-hhco-cbd-full-thco-120mg,,
,5,nan,8316675424428,https://extractoseum.com/products/sour-extreme-gummies-candy-kush-hhc-hhco-cbd-full-thco-120mg,,
,5,"Buen sabor, coloca bien, buen precio",8316675424428,https://extractoseum.com/products/sour-extreme-gummies-candy-kush-hhc-hhco-cbd-full-thco-120mg,,
,4,"Muy buenas pero un tanto leves al menos para mi, muy rico sabor y aroma y los efectos estan chidos y relax, recomiendo para consumidores medios",8316675424428,https://extractoseum.com/products/sour-extreme-gummies-candy-kush-hhc-hhco-cbd-full-thco-120mg,,
,5,nan,8316675424428,https://extractoseum.com/products/sour-extreme-gummies-candy-kush-hhc-hhco-cbd-full-thco-120mg,,
,5,"Es bueno, solo que unas veces me pega m√°s que otras y no se la raz√≥n",8316675424428,https://extractoseum.com/products/sour-extreme-gummies-candy-kush-hhc-hhco-cbd-full-thco-120mg,,
,5,"Este producto lo recomiendo altamente para gente experimentada ya que tiene un gran efecto y est√° muy rico, gracias.",8316675424428,https://extractoseum.com/products/sour-extreme-gummies-candy-kush-hhc-hhco-cbd-full-thco-120mg,,
,5,"Muy buenas para quienes van iniciando, te hacen viaje mucho, para los m√°s avanzados es una experiencia leve",8316675424428,https://extractoseum.com/products/sour-extreme-gummies-candy-kush-hhc-hhco-cbd-full-thco-120mg,,
,5,Excelente producto te pone chido,8316675424428,https://extractoseum.com/products/sour-extreme-gummies-candy-kush-hhc-hhco-cbd-full-thco-120mg,,
,5,Excelente todo,8316675424428,https://extractoseum.com/products/sour-extreme-gummies-candy-kush-hhc-hhco-cbd-full-thco-120mg,,
,5,"Excelente producto, 1 gomita es suficiente si no sueles consumir seguido",8316675424428,https://extractoseum.com/products/sour-extreme-gummies-candy-kush-hhc-hhco-cbd-full-thco-120mg,,
,5,Muy buen producto 100 recomendado lo seguir√© comprando sin duda esta fuerte,8316675424428,https://extractoseum.com/products/sour-extreme-gummies-candy-kush-hhc-hhco-cbd-full-thco-120mg,,
,5,nan,8316675424428,https://extractoseum.com/products/sour-extreme-gummies-candy-kush-hhc-hhco-cbd-full-thco-120mg,,
,5,Excelentes productos y a√∫n mejor delivery! 100/10,8316675424428,https://extractoseum.com/products/sour-extreme-gummies-candy-kush-hhc-hhco-cbd-full-thco-120mg,,
,5,nan,8316675424428,https://extractoseum.com/products/sour-extreme-gummies-candy-kush-hhc-hhco-cbd-full-thco-120mg,,
,5,Excelente producto! 100% confiable,8316675424428,https://extractoseum.com/products/sour-extreme-gummies-candy-kush-hhc-hhco-cbd-full-thco-120mg,,
,5,"100% recomendando, obvio voy a volver a comprar. Me encant√≥ que me lleg√≥ el mismo d√≠a y a super buena hora",8316675424428,https://extractoseum.com/products/sour-extreme-gummies-candy-kush-hhc-hhco-cbd-full-thco-120mg,,
,5,"Buen producto, un sabor muy rico y cumple con las especificaciones, recomendado 100%",8316675424428,https://extractoseum.com/products/sour-extreme-gummies-candy-kush-hhc-hhco-cbd-full-thco-120mg,,
,5,"Est√° bien el producto es pegador, entonces lo recomiendo y m√°s por su costo.",8316675424428,https://extractoseum.com/products/sour-extreme-gummies-candy-kush-hhc-hhco-cbd-full-thco-120mg,,
,4,"Lo recomiendo bastante, cumple las Expectativas y Tiene buen sabor üëå",8316675424428,https://extractoseum.com/products/sour-extreme-gummies-candy-kush-hhc-hhco-cbd-full-thco-120mg,,
,5,Delish delish!!!!üòé,8316675424428,https://extractoseum.com/products/sour-extreme-gummies-candy-kush-hhc-hhco-cbd-full-thco-120mg,,
,5,"Me puso hasta mi ptm, 100%",8316675424428,https://extractoseum.com/products/sour-extreme-gummies-candy-kush-hhc-hhco-cbd-full-thco-120mg,,
,5,Muy bueno el producto! Creo q esta bien para principiantes y para intermedios en consumo! Lo recomiendo si estas buscando divertirte y pasarla bien,8316675424428,https://extractoseum.com/products/sour-extreme-gummies-candy-kush-hhc-hhco-cbd-full-thco-120mg,,
,5,"Buen sabor, coloca bien, buen precio",8316675424428,https://extractoseum.com/products/sour-extreme-gummies-candy-kush-hhc-hhco-cbd-full-thco-120mg,,
,4,"Muy buenas pero un tanto leves al menos para mi, muy rico sabor y aroma y los efectos estan chidos y relax, recomiendo para consumidores medios",8316675424428,https://extractoseum.com/products/sour-extreme-gummies-candy-kush-hhc-hhco-cbd-full-thco-120mg,,
,5,nan,8316675424428,https://extractoseum.com/products/sour-extreme-gummies-candy-kush-hhc-hhco-cbd-full-thco-120mg,,
,5,"Es bueno, solo que unas veces me pega m√°s que otras y no se la raz√≥n",8316675424428,https://extractoseum.com/products/sour-extreme-gummies-candy-kush-hhc-hhco-cbd-full-thco-120mg,,
,5,"Este producto lo recomiendo altamente para gente experimentada ya que tiene un gran efecto y est√° muy rico, gracias.",8316675424428,https://extractoseum.com/products/sour-extreme-gummies-candy-kush-hhc-hhco-cbd-full-thco-120mg,,
,5,"Muy buenas para quienes van iniciando, te hacen viaje mucho, para los m√°s avanzados es una experiencia leve",8316675424428,https://extractoseum.com/products/sour-extreme-gummies-candy-kush-hhc-hhco-cbd-full-thco-120mg,,
,5,Excelente producto te pone chido,8316675424428,https://extractoseum.com/products/sour-extreme-gummies-candy-kush-hhc-hhco-cbd-full-thco-120mg,,
,5,Excelente todo,8316675424428,https://extractoseum.com/products/sour-extreme-gummies-candy-kush-hhc-hhco-cbd-full-thco-120mg,,
,5,"Excelente producto, 1 gomita es suficiente si no sueles consumir seguido",8316675424428,https://extractoseum.com/products/sour-extreme-gummies-candy-kush-hhc-hhco-cbd-full-thco-120mg,,
,5,Muy buen producto 100 recomendado lo seguir√© comprando sin duda esta fuerte,8316675424428,https://extractoseum.com/products/sour-extreme-gummies-candy-kush-hhc-hhco-cbd-full-thco-120mg,,
,5,Excelentes productos y a√∫n mejor delivery! 100/10,8316675424428,https://extractoseum.com/products/sour-extreme-gummies-candy-kush-hhc-hhco-cbd-full-thco-120mg,,
,5,Excelente producto! 100% confiable,8316675424428,https://extractoseum.com/products/sour-extreme-gummies-candy-kush-hhc-hhco-cbd-full-thco-120mg,,
,5,"100% recomendando, obvio voy a volver a comprar. Me encant√≥ que me lleg√≥ el mismo d√≠a y a super buena hora",8316675424428,https://extractoseum.com/products/sour-extreme-gummies-candy-kush-hhc-hhco-cbd-full-thco-120mg,,
,5,"Buen producto, un sabor muy rico y cumple con las especificaciones, recomendado 100%",8316675424428,https://extractoseum.com/products/sour-extreme-gummies-candy-kush-hhc-hhco-cbd-full-thco-120mg,,
,5,"Est√° bien el producto es pegador, entonces lo recomiendo y m√°s por su costo.",8316675424428,https://extractoseum.com/products/sour-extreme-gummies-candy-kush-hhc-hhco-cbd-full-thco-120mg,,
,4,"Lo recomiendo bastante, cumple las Expectativas y Tiene buen sabor üëå",8316675424428,https://extractoseum.com/products/sour-extreme-gummies-candy-kush-hhc-hhco-cbd-full-thco-120mg,,
,5,Delish delish!!!!üòé,8316675424428,https://extractoseum.com/products/sour-extreme-gummies-candy-kush-hhc-hhco-cbd-full-thco-120mg,,
,5,"Me puso hasta mi ptm, 100%",8316675424428,https://extractoseum.com/products/sour-extreme-gummies-candy-kush-hhc-hhco-cbd-full-thco-120mg,,
,5,me encant√≥! recomiendo mucho,8316675424428,https://extractoseum.com/products/sour-extreme-gummies-candy-kush-hhc-hhco-cbd-full-thco-120mg,,
,5,"Execelente producto, lo recomiendo al 100%",8316675424428,https://extractoseum.com/products/sour-extreme-gummies-candy-kush-hhc-hhco-cbd-full-thco-120mg,,
,5,"Excelente producto, s√∫per recomendable",8316675424428,https://extractoseum.com/products/sour-extreme-gummies-candy-kush-hhc-hhco-cbd-full-thco-120mg,,
,5,Me com√≠ las 2 y apenas y sent√≠ el trip,8316675424428,https://extractoseum.com/products/sour-extreme-gummies-candy-kush-hhc-hhco-cbd-full-thco-120mg,,
,5,Pocos edibles me han dado un viaje tan satisfactorio,8316675424428,https://extractoseum.com/products/sour-extreme-gummies-candy-kush-hhc-hhco-cbd-full-thco-120mg,,
,5,nan,8316675424428,https://extractoseum.com/products/sour-extreme-gummies-candy-kush-hhc-hhco-cbd-full-thco-120mg,,
,5,"Excelente producto, fue mi primera vez con comestibles y me gust√≥ bastante la experiencia y la calidad de sus productos y lo r√°pido que me llego",8316675424428,https://extractoseum.com/products/sour-extreme-gummies-candy-kush-hhc-hhco-cbd-full-thco-120mg,,
,5,"Pega chido, lo recomiendo",8316675424428,https://extractoseum.com/products/sour-extreme-gummies-candy-kush-hhc-hhco-cbd-full-thco-120mg,,
,5,"Como siempre buen producto, soy consumidor habitual y una sola gomita me pega fuerte. Altamente recomendable",8316675424428,https://extractoseum.com/products/sour-extreme-gummies-candy-kush-hhc-hhco-cbd-full-thco-120mg,,
,5,"Excelente producto, lo recomiendo y el sabor deli.",8316675424428,https://extractoseum.com/products/sour-extreme-gummies-candy-kush-hhc-hhco-cbd-full-thco-120mg,,
,5,nan,8316675424428,https://extractoseum.com/products/sour-extreme-gummies-candy-kush-hhc-hhco-cbd-full-thco-120mg,,
,5,"lo mejor de lo mejor, el viaje incre√≠ble y a un precio razonable, sabor muy bueno",8316675424428,https://extractoseum.com/products/sour-extreme-gummies-candy-kush-hhc-hhco-cbd-full-thco-120mg,,
,5,Excelente producto y excelente Trypp üëåüèºü§ôüèΩ,8316675424428,https://extractoseum.com/products/sour-extreme-gummies-candy-kush-hhc-hhco-cbd-full-thco-120mg,,
,5,Est√°n muy chiditas,8316675424428,https://extractoseum.com/products/sour-extreme-gummies-candy-kush-hhc-hhco-cbd-full-thco-120mg,,
,5,"Ya son mis favoritos, el viaje est√° bien y duermes mejor ‚ù§Ô∏è",8316675424428,https://extractoseum.com/products/sour-extreme-gummies-candy-kush-hhc-hhco-cbd-full-thco-120mg,,
,5,nan,8316675424428,https://extractoseum.com/products/sour-extreme-gummies-candy-kush-hhc-hhco-cbd-full-thco-120mg,,
,3,No fue el efecto esperado.,8316675424428,https://extractoseum.com/products/sour-extreme-gummies-candy-kush-hhc-hhco-cbd-full-thco-120mg,,
,5,"Pega bien (tengo buena resistencia), saben rico, aunque el viaje dura poco.",8316675424428,https://extractoseum.com/products/sour-extreme-gummies-candy-kush-hhc-hhco-cbd-full-thco-120mg,,
,5,Todos los productos superaron mis expectativas de calidad y potencia. Los recomiendo 100% y adem√°s los sabores siempre son muy buenos,8316675424428,https://extractoseum.com/products/sour-extreme-gummies-candy-kush-hhc-hhco-cbd-full-thco-120mg,,
,5,Muy buen producto 100% recomendable,8316675424428,https://extractoseum.com/products/sour-extreme-gummies-candy-kush-hhc-hhco-cbd-full-thco-120mg,,
,5,Excelente producto y la entrega muy bien,8316675424428,https://extractoseum.com/products/sour-extreme-gummies-candy-kush-hhc-hhco-cbd-full-thco-120mg,,
,5,"Muy buena calidad y efecto r√°pido, buen tryp cuidado con el baj√≥n. Ya no pude moverme jajaja",8316675424428,https://extractoseum.com/products/sour-extreme-gummies-candy-kush-hhc-hhco-cbd-full-thco-120mg,,
,4,nan,8316675424428,https://extractoseum.com/products/sour-extreme-gummies-candy-kush-hhc-hhco-cbd-full-thco-120mg,,
,5,"A toda la banda que comienza con los comestibles, este es un muy buen producto; con una andas super high. üå±",8316675424428,https://extractoseum.com/products/sour-extreme-gummies-candy-kush-hhc-hhco-cbd-full-thco-120mg,,
,5,nan,8316675424428,https://extractoseum.com/products/sour-extreme-gummies-candy-kush-hhc-hhco-cbd-full-thco-120mg,,
,5,Excelente producto,8316675424428,https://extractoseum.com/products/sour-extreme-gummies-candy-kush-hhc-hhco-cbd-full-thco-120mg,,
,5,"Muy buen producto, si eres alguien experimentado busca algo de mayo gramaje, pero si eres principiante es buena opci√≥n.",8316675424428,https://extractoseum.com/products/sour-extreme-gummies-candy-kush-hhc-hhco-cbd-full-thco-120mg,,
,5,nan,8316675424428,https://extractoseum.com/products/sour-extreme-gummies-candy-kush-hhc-hhco-cbd-full-thco-120mg,,
,,"Excelente producto, y atenci√≥n del repartidor.",8316675424428,https://extractoseum.com/products/sour-extreme-gummies-candy-kush-hhc-hhco-cbd-full-thco-120mg,,
,4,"Mejor trip, efecto moderado en 1hr por 2hrs.",8316675424428,https://extractoseum.com/products/sour-extreme-gummies-candy-kush-hhc-hhco-cbd-full-thco-120mg,,
,5,nan,8316675424428,https://extractoseum.com/products/sour-extreme-gummies-candy-kush-hhc-hhco-cbd-full-thco-120mg,,
,5,Muy recomendable!!!,8316675424428,https://extractoseum.com/products/sour-extreme-gummies-candy-kush-hhc-hhco-cbd-full-thco-120mg,,
,5,Excelente üëå lo recomiendo,8316675424428,https://extractoseum.com/products/sour-extreme-gummies-candy-kush-hhc-hhco-cbd-full-thco-120mg,,
,5,Las gomitas excelentes 100 las recomiendo,8316675424428,https://extractoseum.com/products/sour-extreme-gummies-candy-kush-hhc-hhco-cbd-full-thco-120mg,,
,5,"Excelente producto, excedi√≥ mis expectativas",8316675424428,https://extractoseum.com/products/sour-extreme-gummies-candy-kush-hhc-hhco-cbd-full-thco-120mg,,
,5,nan,8316675424428,https://extractoseum.com/products/sour-extreme-gummies-candy-kush-hhc-hhco-cbd-full-thco-120mg,,
,5,Excelente producto! üëåüèª,8316675424428,https://extractoseum.com/products/sour-extreme-gummies-candy-kush-hhc-hhco-cbd-full-thco-120mg,,
,5,"Muy buen producto, te brinda el Tryp perfecto, 100% lo recomiendo üëå",8316675424428,https://extractoseum.com/products/sour-extreme-gummies-candy-kush-hhc-hhco-cbd-full-thco-120mg,,
,5,Excelente dosis,8316675424428,https://extractoseum.com/products/sour-extreme-gummies-candy-kush-hhc-hhco-cbd-full-thco-120mg,,
,5,"La potencia esta muy bien con una gomita te pones chido si no consumes tanto, pero el sabor de la raspberry es horrible sabe a pura pintura",8316675424428,https://extractoseum.com/products/sour-extreme-gummies-candy-kush-hhc-hhco-cbd-full-thco-120mg,,
,5,Excelente producto si fuera rico lo comprar√≠a mil veces,8316675424428,https://extractoseum.com/products/sour-extreme-gummies-candy-kush-hhc-hhco-cbd-full-thco-120mg,,
,5,Excelente app,8316675424428,https://extractoseum.com/products/sour-extreme-gummies-candy-kush-hhc-hhco-cbd-full-thco-120mg,,
,5,Buen producto!!!,8316675424428,https://extractoseum.com/products/sour-extreme-gummies-candy-kush-hhc-hhco-cbd-full-thco-120mg,,
,5,Llego en tiempo,8316675424428,https://extractoseum.com/products/sour-extreme-gummies-candy-kush-hhc-hhco-cbd-full-thco-120mg,,
,5,Bien empacado y discreto,8316675424428,https://extractoseum.com/products/sour-extreme-gummies-candy-kush-hhc-hhco-cbd-full-thco-120mg,,
,5,100% recomendable ü´∂üèª,8316675424428,https://extractoseum.com/products/sour-extreme-gummies-candy-kush-hhc-hhco-cbd-full-thco-120mg,,
,5,"Exelente producto, lo recomiendo 100% , me gust√≥ much√≠simo",8316675424428,https://extractoseum.com/products/sour-extreme-gummies-candy-kush-hhc-hhco-cbd-full-thco-120mg,,